{
  "south": 60.45064504688199,
  "west": 15.525864247735127,
  "north": 60.61712945486808,
  "east": 15.786614473813893
}